﻿<?xml version="1.0" encoding="utf-8" ?><page.ds><ds id="ds"><inscmd>insert into Base_FileList(RowID,FileName,FileSize,uploaduser,UploadTime,filevpath,objid) values(@RowID,@FileName,@FileSize,@uploaduser,@UploadTime,@filevpath,@objid)</inscmd><uptcmd>update Base_FileList set RowID=@RowID,FileName=@FileName,FileSize=@FileSize,uploaduser=@uploaduser,UploadTime=@UploadTime,filevpath=@filevpath,objid=@objid where RowID=@old_RowID</uptcmd><delcmd>delete from Base_FileList where RowID=@old_RowID</delcmd><from>V_Base_FileList</from><where>objid =%qt;Req(%dqt;rowid%dqt;)%qt;</where><fields><field e="RowID" c="编号"><ft></ft><dl>50</dl><fl></fl><ik>1</ik><ir>0</ir><dv></dv><al.rd t="false"></al.rd><al.ed t="false"></al.ed><cw>100</cw><cm>Label</cm><cms /><hd>1</hd><st>0</st><ca>left</ca></field><field e="FileName" c="文件名称"><ft></ft><dl>50</dl><fl></fl><ik>0</ik><ir>0</ir><dv></dv><al.rd t="false"></al.rd><al.ed t="false"></al.ed><cw>100</cw><cm>Label</cm><cms /><hd>0</hd><st>0</st><ca>left</ca></field><field e="FileSize" c="大小"><ft></ft><dl>50</dl><fl></fl><ik>0</ik><ir>0</ir><dv></dv><al.rd t="false"></al.rd><al.ed t="false"></al.ed><cw>40</cw><cm>Label</cm><cms /><hd>0</hd><st>0</st><ca>left</ca></field><field e="uploaduser" c="上传人"><ft></ft><dl>50</dl><fl></fl><ik>0</ik><ir>0</ir><dv></dv><al.rd t="false"></al.rd><al.ed t="false"></al.ed><cw>50</cw><cm>Label</cm><cms /><hd>0</hd><st>0</st><ca>left</ca></field><field e="UploadTime" c="上传日期"><ft></ft><dl>50</dl><fl></fl><ik>0</ik><ir>0</ir><dv></dv><al.rd t="false"></al.rd><al.ed t="false"></al.ed><cw>60</cw><cm>Label</cm><cms /><hd>0</hd><st>0</st><ca>left</ca></field><field e="fileintr" c="是否审核"><ft></ft><dl>50</dl><fl></fl><ik>1</ik><ir>0</ir><dv></dv><al.rd t="false"></al.rd><al.ed t="false"></al.ed><cw>100</cw><cm>Label</cm><cms /><hd>1</hd><st>0</st><ca>left</ca></field><field e="filevpath" c=""><ft></ft><dl>50</dl><fl></fl><ik>0</ik><ir>0</ir><dv></dv><al.rd t="false"></al.rd><al.ed t="false"></al.ed><cw>100</cw><cm>Label</cm><cms /><hd>1</hd><st>0</st><ca>left</ca></field><field e="objid" c=""><ft></ft><dl>50</dl><fl></fl><ik>0</ik><ir>0</ir><dv></dv><al.rd t="false"></al.rd><al.ed t="false"></al.ed><cw>100</cw><cm>Label</cm><cms /><hd>1</hd><st>0</st><ca>left</ca></field></fields></ds></page.ds>