﻿<?xml version="1.0" encoding="utf-8" ?><page.ds><ds id="ds"><inscmd>insert into PRJ_BaseInfo(rowid,prjId,prjName) values(@rowid,@prjId,@prjName)</inscmd><uptcmd>update PRJ_BaseInfo set rowid=@rowid,prjId=@prjId,prjName=@prjName where rowid=@old_rowid</uptcmd><delcmd>delete from PRJ_BaseInfo where rowid=@old_rowid</delcmd><from>PRJ_BaseInfo</from><where></where><fields><field e="rowid" c=""><ft></ft><dl>50</dl><fl></fl><ik>1</ik><ir>0</ir><dv></dv><al.rd t="false"></al.rd><al.ed t="false"></al.ed><cw>100</cw><cm>Label</cm><cms /><hd>1</hd><st>0</st><ca>left</ca></field><field e="prjId" c="工程编号"><ft></ft><dl>50</dl><fl></fl><ik>0</ik><ir>0</ir><dv></dv><al.rd t="false"></al.rd><al.ed t="false"></al.ed><cw>100</cw><cm>Label</cm><cms /><hd>0</hd><st>0</st><ca>left</ca></field><field e="prjName" c="工程名称"><ft></ft><dl>50</dl><fl></fl><ik>0</ik><ir>0</ir><dv></dv><al.rd t="false"></al.rd><al.ed t="false"></al.ed><cw>100</cw><cm>Label</cm><cms /><hd>0</hd><st>0</st><ca>left</ca></field></fields></ds></page.ds>