﻿<?xml version="1.0" encoding="utf-8" ?><page.ds><ds id="dsInfo"><inscmd>insert into TP_Prj_Completion_Request(rowid,Title,AppDate,AppUser,AppDep,Memo) values(@rowid,@Title,@AppDate,@AppUser,@AppDep,@Memo)</inscmd><uptcmd>update TP_Prj_Completion_Request set rowid=@rowid,Title=@Title,AppDate=@AppDate,AppUser=@AppUser,AppDep=@AppDep,Memo=@Memo where rowid=@old_rowid</uptcmd><delcmd>delete from TP_Prj_Completion_Request where rowid=@old_rowid</delcmd><from>TP_Prj_Completion_Request</from><where>rowid= %qt;Req(%dqt;rowid%dqt;)%qt;</where><fields><field e="rowid" c=""><ft></ft><dl>50</dl><fl></fl><ik>1</ik><ir>0</ir><dv></dv><al.rd t="false"></al.rd><al.ed t="false"></al.ed><cw>100</cw><cm>Label</cm><cms /><hd>0</hd><st>0</st><ca>left</ca></field><field e="Title" c="标题"><ft></ft><dl>50</dl><fl></fl><ik>0</ik><ir>1</ir><dv></dv><al.rd t="false"></al.rd><al.ed t="false"></al.ed><cw>100</cw><cm>Label</cm><cms /><hd>0</hd><st>0</st><ca>left</ca></field><field e="AppDate" c=""><ft></ft><dl>50</dl><fl></fl><ik>0</ik><ir>0</ir><dv></dv><al.rd t="false"></al.rd><al.ed t="false"></al.ed><cw>100</cw><cm>Label</cm><cms /><hd>0</hd><st>0</st><ca>left</ca></field><field e="AppUser" c=""><ft></ft><dl>50</dl><fl></fl><ik>0</ik><ir>0</ir><dv></dv><al.rd t="false"></al.rd><al.ed t="false"></al.ed><cw>100</cw><cm>Label</cm><cms /><hd>0</hd><st>0</st><ca>left</ca></field><field e="AppDep" c=""><ft></ft><dl>50</dl><fl></fl><ik>0</ik><ir>0</ir><dv></dv><al.rd t="false"></al.rd><al.ed t="false"></al.ed><cw>100</cw><cm>Label</cm><cms /><hd>0</hd><st>0</st><ca>left</ca></field><field e="Memo" c=""><ft></ft><dl>50</dl><fl></fl><ik>0</ik><ir>0</ir><dv></dv><al.rd t="false"></al.rd><al.ed t="false"></al.ed><cw>100</cw><cm>Label</cm><cms /><hd>0</hd><st>0</st><ca>left</ca></field></fields></ds><ds id="ds"><inscmd>insert into (rowid,PrjID,PrjYear,PrjMonth,PrjCode,PrjName,PrjUsers,PrjDeps,Completion,PrjUser,PrjDep) values(@rowid,@PrjID,@PrjYear,@PrjMonth,@PrjCode,@PrjName,@PrjUsers,@PrjDeps,@Completion,@PrjUser,@PrjDep)</inscmd><uptcmd>update  set rowid=@rowid,PrjID=@PrjID,PrjYear=@PrjYear,PrjMonth=@PrjMonth,PrjCode=@PrjCode,PrjName=@PrjName,PrjUsers=@PrjUsers,PrjDeps=@PrjDeps,Completion=@Completion,PrjUser=@PrjUser,PrjDep=@PrjDep where 无主键字段</uptcmd><delcmd>delete from  where 无主键字段</delcmd><from></from><where></where><fields><field e="rowid" c=""><ft></ft><dl>50</dl><fl></fl><ik>0</ik><ir>0</ir><dv></dv><al.rd t="false"></al.rd><al.ed t="false"></al.ed><cw>100</cw><cm>Label</cm><cms /><hd>1</hd><st>0</st><ca>left</ca></field><field e="PrjID" c=""><ft></ft><dl>50</dl><fl></fl><ik>0</ik><ir>0</ir><dv></dv><al.rd t="false"></al.rd><al.ed t="false"></al.ed><cw>100</cw><cm>Label</cm><cms /><hd>1</hd><st>0</st><ca>left</ca></field><field e="PrjYear" c="年度"><ft></ft><dl>50</dl><fl></fl><ik>0</ik><ir>0</ir><dv></dv><al.rd t="false"></al.rd><al.ed t="false"></al.ed><cw>40</cw><cm>Label</cm><cms /><hd>0</hd><st>0</st><ca>center</ca></field><field e="PrjMonth" c="月份"><ft></ft><dl>50</dl><fl></fl><ik>0</ik><ir>0</ir><dv></dv><al.rd t="false"></al.rd><al.ed t="false"></al.ed><cw>40</cw><cm>Label</cm><cms /><hd>0</hd><st>0</st><ca>center</ca></field><field e="PrjCode" c="项目编号"><ft></ft><dl>50</dl><fl></fl><ik>0</ik><ir>0</ir><dv></dv><al.rd t="false"></al.rd><al.ed t="false"></al.ed><cw>70</cw><cm>Label</cm><cms /><hd>0</hd><st>0</st><ca>center</ca></field><field e="PrjName" c="项目名称"><ft></ft><dl>50</dl><fl></fl><ik>0</ik><ir>0</ir><dv></dv><al.rd t="false"></al.rd><al.ed t="false"></al.ed><cw>100</cw><cm>Label</cm><cms /><hd>0</hd><st>0</st><ca>left</ca></field><field e="PrjUsers" c="项目负责人"><ft></ft><dl>50</dl><fl></fl><ik>0</ik><ir>0</ir><dv></dv><al.rd t="false"></al.rd><al.ed t="false"></al.ed><cw>60</cw><cm>Label</cm><cms /><hd>0</hd><st>0</st><ca>center</ca></field><field e="PrjDeps" c="部门"><ft></ft><dl>50</dl><fl></fl><ik>0</ik><ir>0</ir><dv></dv><al.rd t="false"></al.rd><al.ed t="false"></al.ed><cw>70</cw><cm>Label</cm><cms /><hd>0</hd><st>0</st><ca>center</ca></field><field e="Completion" c="完成情况"><ft></ft><dl>50</dl><fl></fl><ik>0</ik><ir>0</ir><dv></dv><al.rd t="false"></al.rd><al.ed t="false"></al.ed><cw>100</cw><cm>TextBox</cm><cms /><hd>0</hd><st>0</st><ca>left</ca></field><field e="PrjUser" c=""><ft></ft><dl>50</dl><fl></fl><ik>0</ik><ir>0</ir><dv></dv><al.rd t="false"></al.rd><al.ed t="false"></al.ed><cw>100</cw><cm>Label</cm><cms /><hd>1</hd><st>0</st><ca>left</ca></field><field e="PrjDep" c=""><ft></ft><dl>50</dl><fl></fl><ik>0</ik><ir>0</ir><dv></dv><al.rd t="false"></al.rd><al.ed t="false"></al.ed><cw>100</cw><cm>Label</cm><cms /><hd>1</hd><st>0</st><ca>left</ca></field></fields></ds><ds id="ds2"><inscmd>insert into (rowid,PrjID,PrjYear,PrjMonth,PrjCode,PrjName,PrjUsers,PrjDeps,PrjMoney,Purpose) values(@rowid,@PrjID,@PrjYear,@PrjMonth,@PrjCode,@PrjName,@PrjUsers,@PrjDeps,@PrjMoney,@Purpose)</inscmd><uptcmd>update  set rowid=@rowid,PrjID=@PrjID,PrjYear=@PrjYear,PrjMonth=@PrjMonth,PrjCode=@PrjCode,PrjName=@PrjName,PrjUsers=@PrjUsers,PrjDeps=@PrjDeps,PrjMoney=@PrjMoney,Purpose=@Purpose where 无主键字段</uptcmd><delcmd>delete from  where 无主键字段</delcmd><from></from><where></where><fields><field e="rowid" c=""><ft></ft><dl>50</dl><fl></fl><ik>0</ik><ir>0</ir><dv></dv><al.rd t="false"></al.rd><al.ed t="false"></al.ed><cw>100</cw><cm>Label</cm><cms /><hd>1</hd><st>0</st><ca>left</ca></field><field e="PrjID" c=""><ft></ft><dl>50</dl><fl></fl><ik>0</ik><ir>0</ir><dv></dv><al.rd t="false"></al.rd><al.ed t="false"></al.ed><cw>100</cw><cm>Label</cm><cms /><hd>1</hd><st>0</st><ca>left</ca></field><field e="PrjYear" c="年度"><ft></ft><dl>50</dl><fl></fl><ik>0</ik><ir>0</ir><dv></dv><al.rd t="false"></al.rd><al.ed t="false"></al.ed><cw>40</cw><cm>Label</cm><cms /><hd>0</hd><st>0</st><ca>center</ca></field><field e="PrjMonth" c="月份"><ft></ft><dl>50</dl><fl></fl><ik>0</ik><ir>0</ir><dv></dv><al.rd t="false"></al.rd><al.ed t="false"></al.ed><cw>40</cw><cm>Label</cm><cms /><hd>0</hd><st>0</st><ca>center</ca></field><field e="PrjCode" c="项目编号"><ft></ft><dl>50</dl><fl></fl><ik>0</ik><ir>0</ir><dv></dv><al.rd t="false"></al.rd><al.ed t="false"></al.ed><cw>70</cw><cm>Label</cm><cms /><hd>0</hd><st>0</st><ca>center</ca></field><field e="PrjName" c="项目名称"><ft></ft><dl>50</dl><fl></fl><ik>0</ik><ir>0</ir><dv></dv><al.rd t="false"></al.rd><al.ed t="false"></al.ed><cw>100</cw><cm>Label</cm><cms /><hd>0</hd><st>0</st><ca>left</ca></field><field e="PrjUsers" c="项目负责人"><ft></ft><dl>50</dl><fl></fl><ik>0</ik><ir>0</ir><dv></dv><al.rd t="false"></al.rd><al.ed t="false"></al.ed><cw>60</cw><cm>Label</cm><cms /><hd>0</hd><st>0</st><ca>center</ca></field><field e="PrjDeps" c="部门"><ft></ft><dl>50</dl><fl></fl><ik>0</ik><ir>0</ir><dv></dv><al.rd t="false"></al.rd><al.ed t="false"></al.ed><cw>70</cw><cm>Label</cm><cms /><hd>0</hd><st>0</st><ca>center</ca></field><field e="PrjMoney" c="金额"><ft></ft><dl>50</dl><fl></fl><ik>0</ik><ir>0</ir><dv></dv><al.rd t="false"></al.rd><al.ed t="false"></al.ed><cw>60</cw><cm>TextBox</cm><cms /><hd>0</hd><st>0</st><ca>center</ca></field><field e="Purpose" c="用途"><ft></ft><dl>50</dl><fl></fl><ik>0</ik><ir>0</ir><dv></dv><al.rd t="false"></al.rd><al.ed t="false"></al.ed><cw>100</cw><cm>TextBox</cm><cms /><hd>0</hd><st>0</st><ca>left</ca></field></fields></ds></page.ds>