﻿<?xml version="1.0" encoding="utf-8" ?><page.ds><ds id="dsInfo"><inscmd>insert into TP_Prj_Process_Inspection(rowid,Title,AppDate,AppUser,AppDep,Memo,dedate) values(@rowid,@Title,@AppDate,@AppUser,@AppDep,@Memo,@dedate)</inscmd><uptcmd>update TP_Prj_Process_Inspection set rowid=@rowid,Title=@Title,AppDate=@AppDate,AppUser=@AppUser,AppDep=@AppDep,Memo=@Memo,dedate=@dedate where rowid=@old_rowid</uptcmd><delcmd>delete from TP_Prj_Process_Inspection where rowid=@old_rowid</delcmd><from>TP_Prj_Process_Inspection</from><where>wfid= %qt;Req(%dqt;wfid%dqt;)%qt;</where><fields><field e="rowid" c=""><ft></ft><dl>50</dl><fl></fl><ik>1</ik><ir>0</ir><dv></dv><al.rd t="false"></al.rd><al.ed t="false"></al.ed><cw>100</cw><cm>Label</cm><cms /><hd>0</hd><st>0</st><ca>left</ca></field><field e="Title" c="标题"><ft></ft><dl>50</dl><fl></fl><ik>0</ik><ir>1</ir><dv></dv><al.rd t="false"></al.rd><al.ed t="false"></al.ed><cw>100</cw><cm>Label</cm><cms /><hd>0</hd><st>0</st><ca>left</ca></field><field e="AppDate" c=""><ft></ft><dl>50</dl><fl></fl><ik>0</ik><ir>0</ir><dv></dv><al.rd t="false"></al.rd><al.ed t="false"></al.ed><cw>100</cw><cm>Label</cm><cms /><hd>0</hd><st>0</st><ca>left</ca></field><field e="AppUser" c=""><ft></ft><dl>50</dl><fl></fl><ik>0</ik><ir>0</ir><dv></dv><al.rd t="false"></al.rd><al.ed t="false"></al.ed><cw>100</cw><cm>Label</cm><cms /><hd>0</hd><st>0</st><ca>left</ca></field><field e="AppDep" c=""><ft></ft><dl>50</dl><fl></fl><ik>0</ik><ir>0</ir><dv></dv><al.rd t="false"></al.rd><al.ed t="false"></al.ed><cw>100</cw><cm>Label</cm><cms /><hd>0</hd><st>0</st><ca>left</ca></field><field e="Memo" c=""><ft></ft><dl>50</dl><fl></fl><ik>0</ik><ir>0</ir><dv></dv><al.rd t="false"></al.rd><al.ed t="false"></al.ed><cw>100</cw><cm>Label</cm><cms /><hd>0</hd><st>0</st><ca>left</ca></field><field e="dedate" c=""><ft></ft><dl>50</dl><fl></fl><ik>0</ik><ir>0</ir><dv></dv><al.rd t="false"></al.rd><al.ed t="false"></al.ed><cw>100</cw><cm>Label</cm><cms /><hd>0</hd><st>0</st><ca>left</ca></field></fields></ds><ds id="ds"><inscmd>insert into (rowid,PrjID,PrjCode,PrjName,PrjUsers,OldPlan,MoneyUsed,Content,NextPlan,PrjUser) values(@rowid,@PrjID,@PrjCode,@PrjName,@PrjUsers,@OldPlan,@MoneyUsed,@Content,@NextPlan,@PrjUser)</inscmd><uptcmd>update  set rowid=@rowid,PrjID=@PrjID,PrjCode=@PrjCode,PrjName=@PrjName,PrjUsers=@PrjUsers,OldPlan=@OldPlan,MoneyUsed=@MoneyUsed,Content=@Content,NextPlan=@NextPlan,PrjUser=@PrjUser where 无主键字段</uptcmd><delcmd>delete from  where 无主键字段</delcmd><from></from><where></where><fields><field e="rowid" c=""><ft></ft><dl>50</dl><fl></fl><ik>0</ik><ir>0</ir><dv></dv><al.rd t="false"></al.rd><al.ed t="false"></al.ed><cw>100</cw><cm>Label</cm><cms /><hd>1</hd><st>0</st><ca>left</ca></field><field e="PrjID" c=""><ft></ft><dl>50</dl><fl></fl><ik>0</ik><ir>0</ir><dv></dv><al.rd t="false"></al.rd><al.ed t="false"></al.ed><cw>100</cw><cm>Label</cm><cms /><hd>1</hd><st>0</st><ca>left</ca></field><field e="PrjCode" c="项目编号"><ft></ft><dl>50</dl><fl></fl><ik>0</ik><ir>0</ir><dv></dv><al.rd t="false"></al.rd><al.ed t="false"></al.ed><cw>70</cw><cm>Label</cm><cms /><hd>0</hd><st>0</st><ca>center</ca></field><field e="PrjName" c="项目名称"><ft></ft><dl>50</dl><fl></fl><ik>0</ik><ir>0</ir><dv></dv><al.rd t="false"></al.rd><al.ed t="false"></al.ed><cw>100</cw><cm>Label</cm><cms /><hd>0</hd><st>0</st><ca>left</ca></field><field e="PrjUsers" c="项目负责人"><ft></ft><dl>50</dl><fl></fl><ik>0</ik><ir>0</ir><dv></dv><al.rd t="false"></al.rd><al.ed t="false"></al.ed><cw>60</cw><cm>Label</cm><cms /><hd>0</hd><st>0</st><ca>center</ca></field><field e="OldPlan" c="原科技计划应完成内容"><ft></ft><dl>50</dl><fl></fl><ik>0</ik><ir>0</ir><dv></dv><al.rd t="false"></al.rd><al.ed t="false"></al.ed><cw>100</cw><cm>TextBox</cm><cms /><hd>0</hd><st>0</st><ca>left</ca></field><field e="MoneyUsed" c="经费使用情况"><ft></ft><dl>50</dl><fl></fl><ik>0</ik><ir>0</ir><dv></dv><al.rd t="false"></al.rd><al.ed t="false"></al.ed><cw>100</cw><cm>TextBox</cm><cms /><hd>0</hd><st>0</st><ca>left</ca></field><field e="Content" c="进度情况"><ft></ft><dl>50</dl><fl></fl><ik>0</ik><ir>0</ir><dv></dv><al.rd t="false"></al.rd><al.ed t="false"></al.ed><cw>100</cw><cm>TextBox</cm><cms /><hd>0</hd><st>0</st><ca>left</ca></field><field e="NextPlan" c="下一步工作计划"><ft></ft><dl>50</dl><fl></fl><ik>0</ik><ir>0</ir><dv></dv><al.rd t="false"></al.rd><al.ed t="false"></al.ed><cw>100</cw><cm>TextBox</cm><cms /><hd>0</hd><st>0</st><ca>left</ca></field><field e="PrjUser" c=""><ft></ft><dl>50</dl><fl></fl><ik>0</ik><ir>0</ir><dv></dv><al.rd t="false"></al.rd><al.ed t="false"></al.ed><cw>100</cw><cm>Label</cm><cms /><hd>1</hd><st>0</st><ca>left</ca></field></fields></ds></page.ds>