﻿<?xml version="1.0" encoding="utf-8" ?><page.ds><ds id="ds"><inscmd>insert into (rowid,ContractID,ContractName,FirstParty,SecondParty,ContractDate,ContractMeony,EntrustingParty) values(@rowid,@ContractID,@ContractName,@FirstParty,@SecondParty,@ContractDate,@ContractMeony,@EntrustingParty)</inscmd><uptcmd>update  set rowid=@rowid,ContractID=@ContractID,ContractName=@ContractName,FirstParty=@FirstParty,SecondParty=@SecondParty,ContractDate=@ContractDate,ContractMeony=@ContractMeony,EntrustingParty=@EntrustingParty where 无主键字段</uptcmd><delcmd>delete from  where 无主键字段</delcmd><from></from><where></where><fields><field e="rowid" c=""><ft></ft><dl>50</dl><fl></fl><ik>0</ik><ir>0</ir><dv></dv><al.rd t="false"></al.rd><al.ed t="false"></al.ed><cw>100</cw><cm>Label</cm><cms /><hd>1</hd><st>0</st><ca>left</ca></field><field e="ContractID" c="合同编号"><ft></ft><dl>50</dl><fl></fl><ik>0</ik><ir>0</ir><dv></dv><al.rd t="false"></al.rd><al.ed t="false"></al.ed><cw>100</cw><cm>Label</cm><cms /><hd>0</hd><st>0</st><ca>left</ca></field><field e="ContractName" c="合同名称"><ft></ft><dl>50</dl><fl></fl><ik>0</ik><ir>0</ir><dv></dv><al.rd t="false"></al.rd><al.ed t="false"></al.ed><cw>160</cw><cm>Label</cm><cms /><hd>0</hd><st>0</st><ca>left</ca></field><field e="FirstParty" c="甲方"><ft></ft><dl>50</dl><fl></fl><ik>0</ik><ir>0</ir><dv></dv><al.rd t="false"></al.rd><al.ed t="false"></al.ed><cw>140</cw><cm>Label</cm><cms /><hd>0</hd><st>0</st><ca>left</ca></field><field e="SecondParty" c="乙方"><ft></ft><dl>50</dl><fl></fl><ik>0</ik><ir>0</ir><dv></dv><al.rd t="false"></al.rd><al.ed t="false"></al.ed><cw>140</cw><cm>Label</cm><cms /><hd>0</hd><st>0</st><ca>left</ca></field><field e="ContractDate" c="签订日期"><ft></ft><dl>50</dl><fl></fl><ik>0</ik><ir>0</ir><dv></dv><al.rd t="false"></al.rd><al.ed t="false"></al.ed><cw>70</cw><cm>Label</cm><cms /><hd>0</hd><st>0</st><ca>left</ca></field><field e="ContractMeony" c=""><ft></ft><dl>50</dl><fl></fl><ik>0</ik><ir>0</ir><dv></dv><al.rd t="false"></al.rd><al.ed t="false"></al.ed><cw>100</cw><cm>Label</cm><cms /><hd>1</hd><st>0</st><ca>left</ca></field><field e="EntrustingParty" c="委托方"><ft></ft><dl>50</dl><fl></fl><ik>0</ik><ir>0</ir><dv></dv><al.rd t="false"></al.rd><al.ed t="false"></al.ed><cw>140</cw><cm>Label</cm><cms /><hd>0</hd><st>0</st><ca>left</ca></field></fields></ds><ds id="ds2"><inscmd>insert into TP_Prj_Planning_Info(rowid,PrjCode,PrjName,AppDate,AppDep,PrjUser,PrjStartDate,PrjEndDate,PrjType,PrjMoney,PrjTypeName,PrjID,among,memo) values(@rowid,@PrjCode,@PrjName,@AppDate,@AppDep,@PrjUser,@PrjStartDate,@PrjEndDate,@PrjType,@PrjMoney,@PrjTypeName,@PrjID,@among,@memo)</inscmd><uptcmd>update TP_Prj_Planning_Info set rowid=@rowid,PrjCode=@PrjCode,PrjName=@PrjName,AppDate=@AppDate,AppDep=@AppDep,PrjUser=@PrjUser,PrjStartDate=@PrjStartDate,PrjEndDate=@PrjEndDate,PrjType=@PrjType,PrjMoney=@PrjMoney,PrjTypeName=@PrjTypeName,PrjID=@PrjID,among=@among,memo=@memo where rowid=@old_rowid</uptcmd><delcmd>delete from TP_Prj_Planning_Info where rowid=@old_rowid</delcmd><from>TP_Prj_Planning_Info</from><where>rowid=%qt;Req(%dqt;rowid%dqt;)%qt;</where><fields><field e="rowid" c="rid"><ft></ft><dl>50</dl><fl></fl><ik>1</ik><ir>0</ir><dv></dv><al.rd t="false"></al.rd><al.ed t="false"></al.ed><cw>100</cw><cm>Label</cm><cms /><hd>0</hd><st>0</st><ca>left</ca></field><field e="PrjCode" c="项目编号"><ft></ft><dl>50</dl><fl></fl><ik>0</ik><ir>0</ir><dv></dv><al.rd t="false"></al.rd><al.ed t="false"></al.ed><cw>100</cw><cm>Label</cm><cms /><hd>0</hd><st>0</st><ca>left</ca></field><field e="PrjName" c="项目名称"><ft></ft><dl>50</dl><fl></fl><ik>0</ik><ir>0</ir><dv></dv><al.rd t="false"></al.rd><al.ed t="false"></al.ed><cw>100</cw><cm>Label</cm><cms /><hd>0</hd><st>0</st><ca>left</ca></field><field e="AppDate" c="申请日期"><ft></ft><dl>50</dl><fl></fl><ik>0</ik><ir>0</ir><dv></dv><al.rd t="false"></al.rd><al.ed t="false"></al.ed><cw>100</cw><cm>Label</cm><cms /><hd>0</hd><st>0</st><ca>left</ca></field><field e="AppDep" c="申请部门"><ft></ft><dl>50</dl><fl></fl><ik>0</ik><ir>0</ir><dv></dv><al.rd t="false"></al.rd><al.ed t="false"></al.ed><cw>100</cw><cm>Label</cm><cms /><hd>0</hd><st>0</st><ca>left</ca></field><field e="PrjUser" c="项目负责人"><ft></ft><dl>50</dl><fl></fl><ik>0</ik><ir>0</ir><dv></dv><al.rd t="false"></al.rd><al.ed t="false"></al.ed><cw>100</cw><cm>Label</cm><cms /><hd>0</hd><st>0</st><ca>left</ca></field><field e="PrjStartDate" c="研究开始日期"><ft></ft><dl>50</dl><fl></fl><ik>0</ik><ir>0</ir><dv></dv><al.rd t="false"></al.rd><al.ed t="false"></al.ed><cw>100</cw><cm>Label</cm><cms /><hd>0</hd><st>0</st><ca>left</ca></field><field e="PrjEndDate" c="研究完成日期"><ft></ft><dl>50</dl><fl></fl><ik>0</ik><ir>0</ir><dv></dv><al.rd t="false"></al.rd><al.ed t="false"></al.ed><cw>100</cw><cm>Label</cm><cms /><hd>0</hd><st>0</st><ca>left</ca></field><field e="PrjType" c="项目类别"><ft></ft><dl>50</dl><fl></fl><ik>0</ik><ir>0</ir><dv></dv><al.rd t="false"></al.rd><al.ed t="false"></al.ed><cw>100</cw><cm>Label</cm><cms /><hd>0</hd><st>0</st><ca>left</ca></field><field e="PrjMoney" c="项目经费"><ft></ft><dl>50</dl><fl></fl><ik>0</ik><ir>0</ir><dv></dv><al.rd t="false"></al.rd><al.ed t="false"></al.ed><cw>100</cw><cm>Label</cm><cms /><hd>0</hd><st>0</st><ca>left</ca></field><field e="PrjTypeName" c="项目类别名称"><ft></ft><dl>50</dl><fl></fl><ik>0</ik><ir>0</ir><dv></dv><al.rd t="false"></al.rd><al.ed t="false"></al.ed><cw>100</cw><cm>Label</cm><cms /><hd>0</hd><st>0</st><ca>left</ca></field><field e="PrjID" c="项目ID"><ft></ft><dl>50</dl><fl></fl><ik>0</ik><ir>0</ir><dv></dv><al.rd t="false"></al.rd><al.ed t="false"></al.ed><cw>100</cw><cm>Label</cm><cms /><hd>0</hd><st>0</st><ca>left</ca></field><field e="among" c="其中"><ft></ft><dl>50</dl><fl></fl><ik>0</ik><ir>0</ir><dv></dv><al.rd t="false"></al.rd><al.ed t="false"></al.ed><cw>100</cw><cm>Label</cm><cms /><hd>0</hd><st>0</st><ca>left</ca></field><field e="memo" c="备注"><ft></ft><dl>50</dl><fl></fl><ik>0</ik><ir>0</ir><dv></dv><al.rd t="false"></al.rd><al.ed t="false"></al.ed><cw>100</cw><cm>Label</cm><cms /><hd>0</hd><st>0</st><ca>left</ca></field></fields></ds><ds id="dsjh"><inscmd>insert into (rowid,PlanStartDate,PlanEndDate,PlanContent,Executor) values(@rowid,@PlanStartDate,@PlanEndDate,@PlanContent,@Executor)</inscmd><uptcmd>update  set rowid=@rowid,PlanStartDate=@PlanStartDate,PlanEndDate=@PlanEndDate,PlanContent=@PlanContent,Executor=@Executor where rowid=@old_rowid</uptcmd><delcmd>delete from  where rowid=@old_rowid</delcmd><from></from><where></where><fields><field e="rowid" c=""><ft></ft><dl>50</dl><fl></fl><ik>1</ik><ir>0</ir><dv></dv><al.rd t="false"></al.rd><al.ed t="false"></al.ed><cw>100</cw><cm>Label</cm><cms /><hd>1</hd><st>0</st><ca>left</ca></field><field e="PlanStartDate" c="开始时间"><ft></ft><dl>50</dl><fl></fl><ik>0</ik><ir>0</ir><dv></dv><al.rd t="false"></al.rd><al.ed t="false"></al.ed><cw>80</cw><cm>Label</cm><cms /><hd>0</hd><st>0</st><ca>left</ca></field><field e="PlanEndDate" c="结束时间"><ft></ft><dl>50</dl><fl></fl><ik>0</ik><ir>0</ir><dv></dv><al.rd t="false"></al.rd><al.ed t="false"></al.ed><cw>80</cw><cm>Label</cm><cms /><hd>0</hd><st>0</st><ca>left</ca></field><field e="PlanContent" c="计划内容"><ft></ft><dl>50</dl><fl></fl><ik>0</ik><ir>0</ir><dv></dv><al.rd t="false"></al.rd><al.ed t="false"></al.ed><cw>140</cw><cm>Label</cm><cms /><hd>0</hd><st>0</st><ca>left</ca></field><field e="Executor" c="执行人"><ft></ft><dl>50</dl><fl></fl><ik>0</ik><ir>0</ir><dv></dv><al.rd t="false"></al.rd><al.ed t="false"></al.ed><cw>100</cw><cm>Label</cm><cms /><hd>1</hd><st>0</st><ca>left</ca></field></fields></ds><ds id="dscy"><inscmd>insert into (rowid,UserName,Age,Position,Qualification,Major,DivisionScope,InvestTime,UserID,isPrjFzr) values(@rowid,@UserName,@Age,@Position,@Qualification,@Major,@DivisionScope,@InvestTime,@UserID,@isPrjFzr)</inscmd><uptcmd>update  set rowid=@rowid,UserName=@UserName,Age=@Age,Position=@Position,Qualification=@Qualification,Major=@Major,DivisionScope=@DivisionScope,InvestTime=@InvestTime,UserID=@UserID,isPrjFzr=@isPrjFzr where rowid=@old_rowid</uptcmd><delcmd>delete from  where rowid=@old_rowid</delcmd><from></from><where></where><fields><field e="rowid" c=""><ft></ft><dl>50</dl><fl></fl><ik>1</ik><ir>0</ir><dv></dv><al.rd t="false"></al.rd><al.ed t="false"></al.ed><cw>100</cw><cm>Label</cm><cms /><hd>1</hd><st>0</st><ca>left</ca></field><field e="UserName" c="姓名"><ft></ft><dl>50</dl><fl></fl><ik>0</ik><ir>0</ir><dv></dv><al.rd t="false"></al.rd><al.ed t="false"></al.ed><cw>70</cw><cm>Label</cm><cms /><hd>0</hd><st>0</st><ca>left</ca></field><field e="Age" c="年龄"><ft></ft><dl>50</dl><fl></fl><ik>0</ik><ir>0</ir><dv></dv><al.rd t="false"></al.rd><al.ed t="false"></al.ed><cw>50</cw><cm>Label</cm><cms /><hd>0</hd><st>0</st><ca>left</ca></field><field e="Position" c="职务"><ft></ft><dl>50</dl><fl></fl><ik>0</ik><ir>0</ir><dv></dv><al.rd t="false"></al.rd><al.ed t="false"></al.ed><cw>100</cw><cm>Label</cm><cms /><hd>0</hd><st>0</st><ca>left</ca></field><field e="Qualification" c="职称"><ft></ft><dl>50</dl><fl></fl><ik>0</ik><ir>0</ir><dv></dv><al.rd t="false"></al.rd><al.ed t="false"></al.ed><cw>100</cw><cm>Label</cm><cms /><hd>0</hd><st>0</st><ca>left</ca></field><field e="Major" c="专业"><ft></ft><dl>50</dl><fl></fl><ik>0</ik><ir>0</ir><dv></dv><al.rd t="false"></al.rd><al.ed t="false"></al.ed><cw>100</cw><cm>Label</cm><cms /><hd>0</hd><st>0</st><ca>left</ca></field><field e="DivisionScope" c="本专业分工"><ft></ft><dl>50</dl><fl></fl><ik>0</ik><ir>0</ir><dv></dv><al.rd t="false"></al.rd><al.ed t="false"></al.ed><cw>120</cw><cm>Label</cm><cms /><hd>0</hd><st>0</st><ca>left</ca></field><field e="InvestTime" c="投入工作月数"><ft></ft><dl>50</dl><fl></fl><ik>0</ik><ir>0</ir><dv></dv><al.rd t="false"></al.rd><al.ed t="false"></al.ed><cw>100</cw><cm>TextBox</cm><cms /><hd>0</hd><st>0</st><ca>left</ca></field><field e="UserID" c=""><ft></ft><dl>50</dl><fl></fl><ik>0</ik><ir>0</ir><dv></dv><al.rd t="false"></al.rd><al.ed t="false"></al.ed><cw>100</cw><cm>Label</cm><cms /><hd>1</hd><st>0</st><ca>left</ca></field><field e="isPrjFzr" c="是否负责人"><ft></ft><dl>50</dl><fl></fl><ik>0</ik><ir>0</ir><dv></dv><al.rd t="false"></al.rd><al.ed t="false"></al.ed><cw>100</cw><cm>CheckBox</cm><cms /><hd>0</hd><st>0</st><ca>left</ca></field></fields></ds><ds id="dsjf"><inscmd>insert into (rowid,coursetitle,totalMoney,memo) values(@rowid,@coursetitle,@totalMoney,@memo)</inscmd><uptcmd>update  set rowid=@rowid,coursetitle=@coursetitle,totalMoney=@totalMoney,memo=@memo where rowid=@old_rowid</uptcmd><delcmd>delete from  where rowid=@old_rowid</delcmd><from></from><where></where><fields><field e="rowid" c=""><ft></ft><dl>50</dl><fl></fl><ik>1</ik><ir>0</ir><dv></dv><al.rd t="false"></al.rd><al.ed t="false"></al.ed><cw>100</cw><cm>Label</cm><cms /><hd>1</hd><st>0</st><ca>left</ca></field><field e="coursetitle" c="科目名称"><ft></ft><dl>50</dl><fl></fl><ik>0</ik><ir>0</ir><dv></dv><al.rd t="false"></al.rd><al.ed t="false"></al.ed><cw>160</cw><cm>Label</cm><cms /><hd>0</hd><st>0</st><ca>left</ca></field><field e="totalMoney" c="总额(万元)"><ft></ft><dl>50</dl><fl></fl><ik>0</ik><ir>0</ir><dv></dv><al.rd t="false"></al.rd><al.ed t="false"></al.ed><cw>100</cw><cm>Label</cm><cms /><hd>0</hd><st>0</st><ca>left</ca></field><field e="memo" c="计算根据及理由"><ft></ft><dl>50</dl><fl></fl><ik>0</ik><ir>0</ir><dv></dv><al.rd t="false"></al.rd><al.ed t="false"></al.ed><cw>100</cw><cm>MemoBox</cm><cms /><hd>0</hd><st>0</st><ca>left</ca></field></fields></ds></page.ds>