﻿<?xml version="1.0" encoding="utf-8" ?><page.ds><ds id="ds"><inscmd>insert into (rowid,ContractID,Title,CurMoney,AppDate,Balance) values(@rowid,@ContractID,@Title,@CurMoney,@AppDate,@Balance)</inscmd><uptcmd>update  set rowid=@rowid,ContractID=@ContractID,Title=@Title,CurMoney=@CurMoney,AppDate=@AppDate,Balance=@Balance where 无主键字段</uptcmd><delcmd>delete from  where 无主键字段</delcmd><from></from><where></where><fields><field e="rowid" c=""><ft></ft><dl>50</dl><fl></fl><ik>0</ik><ir>0</ir><dv></dv><al.rd t="false"></al.rd><al.ed t="false"></al.ed><cw>100</cw><cm>Label</cm><cms /><hd>1</hd><st>0</st><ca>left</ca></field><field e="ContractID" c=""><ft></ft><dl>50</dl><fl></fl><ik>0</ik><ir>0</ir><dv></dv><al.rd t="false"></al.rd><al.ed t="false"></al.ed><cw>100</cw><cm>Label</cm><cms /><hd>1</hd><st>0</st><ca>left</ca></field><field e="Title" c="付款次数"><ft></ft><dl>50</dl><fl></fl><ik>0</ik><ir>0</ir><dv></dv><al.rd t="false"></al.rd><al.ed t="false"></al.ed><cw>60</cw><cm>TextBox</cm><cms /><hd>0</hd><st>0</st><ca>center</ca></field><field e="CurMoney" c="金额（万元）"><ft></ft><dl>50</dl><fl></fl><ik>0</ik><ir>0</ir><dv></dv><al.rd t="false"></al.rd><al.ed t="false"></al.ed><cw>60</cw><cm>TextBox</cm><cms /><hd>0</hd><st>0</st><ca>center</ca></field><field e="AppDate" c="日期"><ft></ft><dl>50</dl><fl></fl><ik>0</ik><ir>0</ir><dv></dv><al.rd t="false"></al.rd><al.ed t="false"></al.ed><cw>50</cw><cm>Label</cm><cms /><hd>0</hd><st>0</st><ca>center</ca></field><field e="Balance" c="余额"><ft></ft><dl>50</dl><fl></fl><ik>0</ik><ir>0</ir><dv></dv><al.rd t="false"></al.rd><al.ed t="false"></al.ed><cw>60</cw><cm>Label</cm><cms /><hd>0</hd><st>0</st><ca>center</ca></field></fields></ds><ds id="dsContract"><inscmd>insert into TP_Prj_Contract_Info(ContractID,ContractName,EntrustingParty,ContractMeony) values(@ContractID,@ContractName,@EntrustingParty,@ContractMeony)</inscmd><uptcmd>update TP_Prj_Contract_Info set ContractID=@ContractID,ContractName=@ContractName,EntrustingParty=@EntrustingParty,ContractMeony=@ContractMeony where 无主键字段</uptcmd><delcmd>delete from TP_Prj_Contract_Info where 无主键字段</delcmd><from>TP_Prj_Contract_Info</from><where>PrjID = %qt;Req(%dqt;prjid%dqt;)%qt;</where><fields><field e="ContractID" c="合同编号"><ft></ft><dl>50</dl><fl></fl><ik>0</ik><ir>0</ir><dv></dv><al.rd t="false"></al.rd><al.ed t="false"></al.ed><cw>100</cw><cm>Label</cm><cms /><hd>0</hd><st>0</st><ca>center</ca></field><field e="ContractName" c="合同名称"><ft></ft><dl>50</dl><fl></fl><ik>0</ik><ir>0</ir><dv></dv><al.rd t="false"></al.rd><al.ed t="false"></al.ed><cw>100</cw><cm>Label</cm><cms /><hd>0</hd><st>0</st><ca>left</ca></field><field e="EntrustingParty" c="受委托方"><ft></ft><dl>50</dl><fl></fl><ik>0</ik><ir>0</ir><dv></dv><al.rd t="false"></al.rd><al.ed t="false"></al.ed><cw>100</cw><cm>Label</cm><cms /><hd>0</hd><st>0</st><ca>left</ca></field><field e="ContractMeony" c="合同金额（万元）"><ft></ft><dl>50</dl><fl></fl><ik>0</ik><ir>0</ir><dv></dv><al.rd t="false"></al.rd><al.ed t="false"></al.ed><cw>100</cw><cm>Label</cm><cms /><hd>0</hd><st>0</st><ca>center</ca></field></fields></ds></page.ds>