﻿<?xml version="1.0" encoding="utf-8" ?><page.ds><ds id="ds"><inscmd>insert into TP_Prj_Budget_Detail(ObjID,Title,Model,Price,Memo) values(@ObjID,@Title,@Model,@Price,@Memo)</inscmd><uptcmd>update TP_Prj_Budget_Detail set ObjID=@ObjID,Title=@Title,Model=@Model,Price=@Price,Memo=@Memo where 无主键字段</uptcmd><delcmd>delete from TP_Prj_Budget_Detail where 无主键字段</delcmd><from>TP_Prj_Budget_Detail</from><where>objid=%qt;Req(%dqt;objid%dqt;)%qt;</where><fields><field e="ObjID" c=""><ft></ft><dl>50</dl><fl></fl><ik>0</ik><ir>0</ir><dv></dv><al.rd t="false"></al.rd><al.ed t="false"></al.ed><cw>100</cw><cm>Label</cm><cms /><hd>1</hd><st>0</st><ca>left</ca></field><field e="Title" c="名称"><ft></ft><dl>50</dl><fl></fl><ik>0</ik><ir>0</ir><dv></dv><al.rd t="false"></al.rd><al.ed t="false"></al.ed><cw>100</cw><cm>TextBox</cm><cms /><hd>0</hd><st>0</st><ca>left</ca></field><field e="Model" c="型号"><ft></ft><dl>50</dl><fl></fl><ik>0</ik><ir>0</ir><dv></dv><al.rd t="false"></al.rd><al.ed t="false"></al.ed><cw>100</cw><cm>TextBox</cm><cms /><hd>0</hd><st>0</st><ca>left</ca></field><field e="Price" c="价格（万元）"><ft></ft><dl>50</dl><fl></fl><ik>0</ik><ir>0</ir><dv></dv><al.rd t="false"></al.rd><al.ed t="false"></al.ed><cw>100</cw><cm>TextBox</cm><cms /><hd>0</hd><st>0</st><ca>left</ca></field><field e="Memo" c="备注"><ft></ft><dl>50</dl><fl></fl><ik>0</ik><ir>0</ir><dv></dv><al.rd t="false"></al.rd><al.ed t="false"></al.ed><cw>120</cw><cm>MemoBox</cm><cms /><hd>0</hd><st>0</st><ca>left</ca></field></fields></ds></page.ds>