﻿<?xml version="1.0" encoding="utf-8" ?><page.ds><ds id="dataset1"><inscmd></inscmd><uptcmd></uptcmd><delcmd></delcmd><from>(select *,dbo.Clip(PrjUser,%qt;:%qt;,1)PrjUsers,dbo.Clip(AppDep,%qt;:%qt;,1)AppDeps,case state when 0 then %qt;新建%qt; when 1 then %qt;审批中%qt; when 2 then %qt;打回修改%qt; else %qt;结束%qt; end states from TP_Prj_Planning_Info)T</from><where>prjtype&amp;lt;&amp;gt;%qt;3%qt;</where><fields><field e="rowid" c=""><ft></ft><dl>50</dl><fl></fl><ik>0</ik><ir>0</ir><dv></dv><al.rd t="false"></al.rd><al.ed t="false"></al.ed><cw>100</cw><cm>Label</cm><cms /><hd>1</hd><st>0</st><ca>left</ca></field><field e="PrjCode" c="项目编号"><ft></ft><dl>50</dl><fl></fl><ik>0</ik><ir>0</ir><dv></dv><al.rd t="false"></al.rd><al.ed t="false"></al.ed><cw>100</cw><cm>Label</cm><cms /><hd>0</hd><st>0</st><ca>left</ca></field><field e="PrjName" c="项目名称"><ft></ft><dl>50</dl><fl></fl><ik>0</ik><ir>0</ir><dv></dv><al.rd t="false"></al.rd><al.ed t="false"></al.ed><cw>100</cw><cm>Label</cm><cms /><hd>0</hd><st>0</st><ca>left</ca></field><field e="PrjUsers" c="项目负责人"><ft></ft><dl>50</dl><fl></fl><ik>0</ik><ir>0</ir><dv></dv><al.rd t="false"></al.rd><al.ed t="false"></al.ed><cw>100</cw><cm>Label</cm><cms /><hd>0</hd><st>0</st><ca>left</ca></field><field e="AppDeps" c="申请部门"><ft></ft><dl>50</dl><fl></fl><ik>0</ik><ir>0</ir><dv></dv><al.rd t="false"></al.rd><al.ed t="false"></al.ed><cw>100</cw><cm>Label</cm><cms /><hd>0</hd><st>0</st><ca>left</ca></field><field e="PrjMoney" c="项目经费(万元)"></field><field e="PrjStartDate" c="开始日期"><ft></ft><dl>50</dl><fl></fl><ik>0</ik><ir>0</ir><dv></dv><al.rd t="false"></al.rd><al.ed t="false"></al.ed><cw>100</cw><cm>Label</cm><cms /><hd>0</hd><st>0</st><ca>left</ca></field><field e="PrjEndDate" c="结束日期"><ft></ft><dl>50</dl><fl></fl><ik>0</ik><ir>0</ir><dv></dv><al.rd t="false"></al.rd><al.ed t="false"></al.ed><cw>100</cw><cm>Label</cm><cms /><hd>0</hd><st>0</st><ca>left</ca></field><field e="States" c="流程状态"><ft></ft><dl>50</dl><fl></fl><ik>0</ik><ir>0</ir><dv></dv><al.rd t="false"></al.rd><al.ed t="false"></al.ed><cw>100</cw><cm>Label</cm><cms /><hd>0</hd><st>0</st><ca>left</ca></field><field e="State" c=""><ft></ft><dl>50</dl><fl></fl><ik>0</ik><ir>0</ir><dv></dv><al.rd t="false"></al.rd><al.ed t="false"></al.ed><cw>100</cw><cm>Label</cm><cms /><hd>1</hd><st>0</st><ca>left</ca></field><field e="AppDep" c=""><ft></ft><dl>50</dl><fl></fl><ik>0</ik><ir>0</ir><dv></dv><al.rd t="false"></al.rd><al.ed t="false"></al.ed><cw>100</cw><cm>Label</cm><cms /><hd>1</hd><st>0</st><ca>left</ca></field><field e="PrjUser" c=""><ft></ft><dl>50</dl><fl></fl><ik>0</ik><ir>0</ir><dv></dv><al.rd t="false"></al.rd><al.ed t="false"></al.ed><cw>100</cw><cm>Label</cm><cms /><hd>1</hd><st>0</st><ca>left</ca></field><field e="wfid" c=""><ft></ft><dl>50</dl><fl></fl><ik>0</ik><ir>0</ir><dv></dv><al.rd t="false"></al.rd><al.ed t="false"></al.ed><cw>100</cw><cm>Label</cm><cms /><hd>1</hd><st>0</st><ca>left</ca></field><field e="PrjId" c=""><ft></ft><dl>50</dl><fl></fl><ik>0</ik><ir>0</ir><dv></dv><al.rd t="false"></al.rd><al.ed t="false"></al.ed><cw>100</cw><cm>Label</cm><cms /><hd>1</hd><st>0</st><ca>left</ca></field></fields></ds></page.ds>