﻿<?xml version="1.0" encoding="utf-8" ?><page.ds><ds id="ds"><inscmd>insert into tp_prj_subject_acceptance(rowid,PrjId,wfid,Title,PrjCode,PrjName,AppUser,AppDep,AppDate,Memo) values(@rowid,@PrjId,@wfid,@Title,@PrjCode,@PrjName,@AppUser,@AppDep,@AppDate,@Memo)</inscmd><uptcmd>update tp_prj_subject_acceptance set rowid=@rowid,PrjId=@PrjId,wfid=@wfid,Title=@Title,PrjCode=@PrjCode,PrjName=@PrjName,AppUser=@AppUser,AppDep=@AppDep,AppDate=@AppDate,Memo=@Memo where rowid=@old_rowid</uptcmd><delcmd>delete from tp_prj_subject_acceptance where rowid=@old_rowid</delcmd><from>tp_prj_subject_acceptance</from><where>wfid = %qt;Req(%dqt;wfid%dqt;)%qt;</where><fields><field e="rowid" c=""><ft></ft><dl>50</dl><fl></fl><ik>1</ik><ir>0</ir><dv></dv><al.rd t="false"></al.rd><al.ed t="false"></al.ed><cw>100</cw><cm>Label</cm><cms /><hd>1</hd><st>0</st><ca>left</ca></field><field e="PrjId" c="项目id"><ft></ft><dl>50</dl><fl></fl><ik>0</ik><ir>0</ir><dv></dv><al.rd t="false"></al.rd><al.ed t="false"></al.ed><cw>100</cw><cm>Label</cm><cms /><hd>1</hd><st>0</st><ca>left</ca></field><field e="wfid" c="流程id"><ft></ft><dl>50</dl><fl></fl><ik>0</ik><ir>0</ir><dv></dv><al.rd t="false"></al.rd><al.ed t="false"></al.ed><cw>100</cw><cm>Label</cm><cms /><hd>1</hd><st>0</st><ca>left</ca></field><field e="Title" c="标题"><ft></ft><dl>50</dl><fl></fl><ik>0</ik><ir>0</ir><dv></dv><al.rd t="false"></al.rd><al.ed t="false"></al.ed><cw>100</cw><cm>Label</cm><cms /><hd>0</hd><st>0</st><ca>left</ca></field><field e="PrjCode" c="项目编号"><ft></ft><dl>50</dl><fl></fl><ik>0</ik><ir>0</ir><dv></dv><al.rd t="false"></al.rd><al.ed t="false"></al.ed><cw>100</cw><cm>Label</cm><cms /><hd>0</hd><st>0</st><ca>left</ca></field><field e="PrjName" c="项目名称"><ft></ft><dl>50</dl><fl></fl><ik>0</ik><ir>0</ir><dv></dv><al.rd t="false"></al.rd><al.ed t="false"></al.ed><cw>100</cw><cm>Label</cm><cms /><hd>0</hd><st>0</st><ca>left</ca></field><field e="AppUser" c="申请人"><ft></ft><dl>50</dl><fl></fl><ik>0</ik><ir>0</ir><dv></dv><al.rd t="false"></al.rd><al.ed t="false"></al.ed><cw>100</cw><cm>Label</cm><cms /><hd>0</hd><st>0</st><ca>left</ca></field><field e="AppDep" c="申请部门"><ft></ft><dl>50</dl><fl></fl><ik>0</ik><ir>0</ir><dv></dv><al.rd t="false"></al.rd><al.ed t="false"></al.ed><cw>100</cw><cm>Label</cm><cms /><hd>0</hd><st>0</st><ca>left</ca></field><field e="AppDate" c="申请日期"><ft></ft><dl>50</dl><fl></fl><ik>0</ik><ir>0</ir><dv></dv><al.rd t="false"></al.rd><al.ed t="false"></al.ed><cw>100</cw><cm>Label</cm><cms /><hd>0</hd><st>0</st><ca>left</ca></field><field e="Memo" c="备注"><ft></ft><dl>50</dl><fl></fl><ik>0</ik><ir>0</ir><dv></dv><al.rd t="false"></al.rd><al.ed t="false"></al.ed><cw>100</cw><cm>Label</cm><cms /><hd>0</hd><st>0</st><ca>left</ca></field></fields></ds></page.ds>