﻿<?xml version="1.0" encoding="utf-8" ?><page.ds><ds id="ds"><inscmd>insert into TP_Prj_Completion_Info(rowid,PrjID,PrjYear,PrjMonth,PrjCode,PrjName,PrjUser,PrjDep,Completion) values(@rowid,@PrjID,@PrjYear,@PrjMonth,@PrjCode,@PrjName,@PrjUser,@PrjDep,@Completion)</inscmd><uptcmd>update TP_Prj_Completion_Info set rowid=@rowid,PrjID=@PrjID,PrjYear=@PrjYear,PrjMonth=@PrjMonth,PrjCode=@PrjCode,PrjName=@PrjName,PrjUser=@PrjUser,PrjDep=@PrjDep,Completion=@Completion where 无主键字段</uptcmd><delcmd>delete from TP_Prj_Completion_Info where 无主键字段</delcmd><from>TP_Prj_Completion_Info</from><where>CRID = %qt;Req(%dqt;crid%dqt;)%qt;</where><fields><field e="rowid" c=""><ft></ft><dl>50</dl><fl></fl><ik>0</ik><ir>0</ir><dv></dv><al.rd t="false"></al.rd><al.ed t="false"></al.ed><cw>100</cw><cm>Label</cm><cms /><hd>1</hd><st>0</st><ca>left</ca></field><field e="PrjID" c=""><ft></ft><dl>50</dl><fl></fl><ik>0</ik><ir>0</ir><dv></dv><al.rd t="false"></al.rd><al.ed t="false"></al.ed><cw>100</cw><cm>Label</cm><cms /><hd>1</hd><st>0</st><ca>left</ca></field><field e="PrjYear" c="年度"><ft></ft><dl>50</dl><fl></fl><ik>0</ik><ir>0</ir><dv></dv><al.rd t="false"></al.rd><al.ed t="false"></al.ed><cw>40</cw><cm>Label</cm><cms /><hd>0</hd><st>0</st><ca>center</ca></field><field e="PrjMonth" c="月份"><ft></ft><dl>50</dl><fl></fl><ik>0</ik><ir>0</ir><dv></dv><al.rd t="false"></al.rd><al.ed t="false"></al.ed><cw>40</cw><cm>Label</cm><cms /><hd>0</hd><st>0</st><ca>center</ca></field><field e="PrjCode" c="项目编号"><ft></ft><dl>50</dl><fl></fl><ik>0</ik><ir>0</ir><dv></dv><al.rd t="false"></al.rd><al.ed t="false"></al.ed><cw>70</cw><cm>Label</cm><cms /><hd>0</hd><st>0</st><ca>center</ca></field><field e="PrjName" c="项目名称"><ft></ft><dl>50</dl><fl></fl><ik>0</ik><ir>0</ir><dv></dv><al.rd t="false"></al.rd><al.ed t="false"></al.ed><cw>100</cw><cm>Label</cm><cms /><hd>0</hd><st>0</st><ca>left</ca></field><field e="PrjUser" c="项目负责人"><ft></ft><dl>50</dl><fl></fl><ik>0</ik><ir>0</ir><dv>dbo.Clip(PrjUser,%qt;:%qt;,1)</dv><al.rd t="false"></al.rd><al.ed t="false"></al.ed><cw>70</cw><cm>Label</cm><cms /><hd>0</hd><st>0</st><ca>center</ca></field><field e="PrjDep" c="部门"><ft></ft><dl>50</dl><fl></fl><ik>0</ik><ir>0</ir><dv>dbo.Clip(PrjDep,%qt;:%qt;,1)</dv><al.rd t="false"></al.rd><al.ed t="false"></al.ed><cw>70</cw><cm>Label</cm><cms /><hd>0</hd><st>0</st><ca>center</ca></field><field e="Completion" c="完成情况"><ft></ft><dl>50</dl><fl></fl><ik>0</ik><ir>0</ir><dv></dv><al.rd t="false"></al.rd><al.ed t="false"></al.ed><cw>100</cw><cm>Label</cm><cms /><hd>0</hd><st>0</st><ca>left</ca></field></fields></ds><ds id="ds2"><inscmd>insert into TP_Prj_Request_Info(rowid,PrjID,PrjYear,PrjMonth,PrjCode,PrjName,PrjUser,PrjDep,PrjMoney,Purpose) values(@rowid,@PrjID,@PrjYear,@PrjMonth,@PrjCode,@PrjName,@PrjUser,@PrjDep,@PrjMoney,@Purpose)</inscmd><uptcmd>update TP_Prj_Request_Info set rowid=@rowid,PrjID=@PrjID,PrjYear=@PrjYear,PrjMonth=@PrjMonth,PrjCode=@PrjCode,PrjName=@PrjName,PrjUser=@PrjUser,PrjDep=@PrjDep,PrjMoney=@PrjMoney,Purpose=@Purpose where 无主键字段</uptcmd><delcmd>delete from TP_Prj_Request_Info where 无主键字段</delcmd><from>TP_Prj_Request_Info</from><where>CRID = %qt;Req(%dqt;crid%dqt;)%qt;</where><fields><field e="rowid" c=""><ft></ft><dl>50</dl><fl></fl><ik>0</ik><ir>0</ir><dv></dv><al.rd t="false"></al.rd><al.ed t="false"></al.ed><cw>100</cw><cm>Label</cm><cms /><hd>1</hd><st>0</st><ca>left</ca></field><field e="PrjID" c=""><ft></ft><dl>50</dl><fl></fl><ik>0</ik><ir>0</ir><dv></dv><al.rd t="false"></al.rd><al.ed t="false"></al.ed><cw>100</cw><cm>Label</cm><cms /><hd>1</hd><st>0</st><ca>left</ca></field><field e="PrjYear" c="年度"><ft></ft><dl>50</dl><fl></fl><ik>0</ik><ir>0</ir><dv></dv><al.rd t="false"></al.rd><al.ed t="false"></al.ed><cw>40</cw><cm>Label</cm><cms /><hd>0</hd><st>0</st><ca>center</ca></field><field e="PrjMonth" c="月份"><ft></ft><dl>50</dl><fl></fl><ik>0</ik><ir>0</ir><dv></dv><al.rd t="false"></al.rd><al.ed t="false"></al.ed><cw>40</cw><cm>Label</cm><cms /><hd>0</hd><st>0</st><ca>center</ca></field><field e="PrjCode" c="项目编号"><ft></ft><dl>50</dl><fl></fl><ik>0</ik><ir>0</ir><dv></dv><al.rd t="false"></al.rd><al.ed t="false"></al.ed><cw>70</cw><cm>Label</cm><cms /><hd>0</hd><st>0</st><ca>center</ca></field><field e="PrjName" c="项目名称"><ft></ft><dl>50</dl><fl></fl><ik>0</ik><ir>0</ir><dv></dv><al.rd t="false"></al.rd><al.ed t="false"></al.ed><cw>100</cw><cm>Label</cm><cms /><hd>0</hd><st>0</st><ca>left</ca></field><field e="PrjUser" c="项目负责人"><ft></ft><dl>50</dl><fl></fl><ik>0</ik><ir>0</ir><dv>dbo.Clip(PrjUser,%qt;:%qt;,1)</dv><al.rd t="false"></al.rd><al.ed t="false"></al.ed><cw>70</cw><cm>Label</cm><cms /><hd>0</hd><st>0</st><ca>center</ca></field><field e="PrjDep" c="部门"><ft></ft><dl>50</dl><fl></fl><ik>0</ik><ir>0</ir><dv>dbo.Clip(PrjDep,%qt;:%qt;,1)</dv><al.rd t="false"></al.rd><al.ed t="false"></al.ed><cw>70</cw><cm>Label</cm><cms /><hd>0</hd><st>0</st><ca>center</ca></field><field e="PrjMoney" c="金额"><ft></ft><dl>50</dl><fl></fl><ik>0</ik><ir>0</ir><dv></dv><al.rd t="false"></al.rd><al.ed t="false"></al.ed><cw>60</cw><cm>Label</cm><cms /><hd>0</hd><st>0</st><ca>center</ca></field><field e="Purpose" c="用途"><ft></ft><dl>50</dl><fl></fl><ik>0</ik><ir>0</ir><dv></dv><al.rd t="false"></al.rd><al.ed t="false"></al.ed><cw>100</cw><cm>Label</cm><cms /><hd>0</hd><st>0</st><ca>left</ca></field></fields></ds></page.ds>