﻿<?xml version="1.0" encoding="utf-8" ?><page.ds><ds id="ds"><inscmd>insert into ContractInfo(rowid,ContractID,ContractName,FirstParty,SecondParty,ContractDate) values(@rowid,@ContractID,@ContractName,@FirstParty,@SecondParty,@ContractDate)</inscmd><uptcmd>update ContractInfo set rowid=@rowid,ContractID=@ContractID,ContractName=@ContractName,FirstParty=@FirstParty,SecondParty=@SecondParty,ContractDate=@ContractDate where 无主键字段</uptcmd><delcmd>delete from ContractInfo where 无主键字段</delcmd><from>ContractInfo</from><where>ContractSortID=%qt;Req(%dqt;sortid%dqt;)%qt;</where><fields><field e="rowid" c=""><ft></ft><dl>50</dl><fl></fl><ik>0</ik><ir>0</ir><dv></dv><al.rd t="false"></al.rd><al.ed t="false"></al.ed><cw>100</cw><cm>Label</cm><cms /><hd>1</hd><st>0</st><ca>left</ca></field><field e="ContractID" c="合同编号"><ft></ft><dl>50</dl><fl></fl><ik>0</ik><ir>0</ir><dv></dv><al.rd t="false"></al.rd><al.ed t="false"></al.ed><cw>100</cw><cm>Label</cm><cms /><hd>0</hd><st>0</st><ca>left</ca></field><field e="ContractName" c="合同名称"><ft></ft><dl>50</dl><fl></fl><ik>0</ik><ir>0</ir><dv></dv><al.rd t="false"></al.rd><al.ed t="false"></al.ed><cw>160</cw><cm>Label</cm><cms /><hd>0</hd><st>0</st><ca>left</ca></field><field e="FirstParty" c="甲方"><ft></ft><dl>50</dl><fl></fl><ik>0</ik><ir>0</ir><dv></dv><al.rd t="false"></al.rd><al.ed t="false"></al.ed><cw>140</cw><cm>Label</cm><cms /><hd>0</hd><st>0</st><ca>left</ca></field><field e="SecondParty" c="乙方"><ft></ft><dl>50</dl><fl></fl><ik>0</ik><ir>0</ir><dv></dv><al.rd t="false"></al.rd><al.ed t="false"></al.ed><cw>100</cw><cm>Label</cm><cms /><hd>0</hd><st>0</st><ca>left</ca></field><field e="ContractDate" c="签订日期"><ft></ft><dl>50</dl><fl></fl><ik>0</ik><ir>0</ir><dv></dv><al.rd t="false"></al.rd><al.ed t="false"></al.ed><cw>70</cw><cm>Label</cm><cms /><hd>0</hd><st>0</st><ca>left</ca></field></fields></ds></page.ds>