﻿<?xml version="1.0" encoding="utf-8" ?><page.ds><ds id="ds"><inscmd>insert into (rowid,PrjId,wfid,Title,AppDate,States,state,ReportFilePath) values(@rowid,@PrjId,@wfid,@Title,@AppDate,@States,@state,@ReportFilePath)</inscmd><uptcmd>update  set rowid=@rowid,PrjId=@PrjId,wfid=@wfid,Title=@Title,AppDate=@AppDate,States=@States,state=@state,ReportFilePath=@ReportFilePath where rowid=@old_rowid</uptcmd><delcmd>delete from  where rowid=@old_rowid</delcmd><from></from><where></where><fields><field e="rowid" c=""><ft></ft><dl>50</dl><fl></fl><ik>1</ik><ir>0</ir><dv></dv><al.rd t="false"></al.rd><al.ed t="false"></al.ed><cw>100</cw><cm>Label</cm><cms /><hd>1</hd><st>0</st><ca>left</ca></field><field e="PrjId" c="项目id"><ft></ft><dl>50</dl><fl></fl><ik>0</ik><ir>0</ir><dv></dv><al.rd t="false"></al.rd><al.ed t="false"></al.ed><cw>100</cw><cm>Label</cm><cms /><hd>1</hd><st>0</st><ca>left</ca></field><field e="wfid" c="流程id"><ft></ft><dl>50</dl><fl></fl><ik>0</ik><ir>0</ir><dv></dv><al.rd t="false"></al.rd><al.ed t="false"></al.ed><cw>100</cw><cm>Label</cm><cms /><hd>1</hd><st>0</st><ca>left</ca></field><field e="Title" c="标题"><ft></ft><dl>50</dl><fl></fl><ik>0</ik><ir>0</ir><dv></dv><al.rd t="false"></al.rd><al.ed t="false"></al.ed><cw>100</cw><cm>Label</cm><cms /><hd>0</hd><st>0</st><ca>left</ca></field><field e="AppDate" c="申请日期"><ft></ft><dl>50</dl><fl></fl><ik>0</ik><ir>0</ir><dv></dv><al.rd t="false"></al.rd><al.ed t="false"></al.ed><cw>100</cw><cm>Label</cm><cms /><hd>0</hd><st>0</st><ca>center</ca></field><field e="States" c="流程状态"><ft></ft><dl>50</dl><fl></fl><ik>0</ik><ir>0</ir><dv></dv><al.rd t="false"></al.rd><al.ed t="false"></al.ed><cw>100</cw><cm>Label</cm><cms /><hd>0</hd><st>0</st><ca>center</ca></field><field e="state" c=""><ft></ft><dl>50</dl><fl></fl><ik>0</ik><ir>0</ir><dv></dv><al.rd t="false"></al.rd><al.ed t="false"></al.ed><cw>100</cw><cm>Label</cm><cms /><hd>1</hd><st>0</st><ca>left</ca></field><field e="ReportFilePath" c=""><ft></ft><dl>50</dl><fl></fl><ik>0</ik><ir>0</ir><dv></dv><al.rd t="false"></al.rd><al.ed t="false"></al.ed><cw>100</cw><cm>Label</cm><cms /><hd>1</hd><st>0</st><ca>left</ca></field></fields></ds></page.ds>