﻿<?xml version="1.0" encoding="utf-8" ?><page.ds><ds id="ds"><inscmd>insert into TP_Prj_BaseInfo(PrjCode,PrjName,PrjMoney,SubsidizeMoney,SelfMoney,PrjBalance) values(@PrjCode,@PrjName,@PrjMoney,@SubsidizeMoney,@SelfMoney,@PrjBalance)</inscmd><uptcmd>update TP_Prj_BaseInfo set PrjCode=@PrjCode,PrjName=@PrjName,PrjMoney=@PrjMoney,SubsidizeMoney=@SubsidizeMoney,SelfMoney=@SelfMoney,PrjBalance=@PrjBalance where 无主键字段</uptcmd><delcmd>delete from TP_Prj_BaseInfo where 无主键字段</delcmd><from>TP_Prj_BaseInfo</from><where>rowid = %qt;Req(%dqt;prjid%dqt;)%qt;</where><fields><field e="PrjCode" c=""><ft></ft><dl>50</dl><fl></fl><ik>0</ik><ir>0</ir><dv></dv><al.rd t="false"></al.rd><al.ed t="false"></al.ed><cw>100</cw><cm>Label</cm><cms /><hd>0</hd><st>0</st><ca>left</ca></field><field e="PrjName" c=""><ft></ft><dl>50</dl><fl></fl><ik>0</ik><ir>0</ir><dv></dv><al.rd t="false"></al.rd><al.ed t="false"></al.ed><cw>100</cw><cm>Label</cm><cms /><hd>0</hd><st>0</st><ca>left</ca></field><field e="PrjMoney" c=""><ft></ft><dl>50</dl><fl></fl><ik>0</ik><ir>0</ir><dv></dv><al.rd t="false"></al.rd><al.ed t="false"></al.ed><cw>100</cw><cm>Label</cm><cms /><hd>0</hd><st>0</st><ca>left</ca></field><field e="SubsidizeMoney" c=""><ft></ft><dl>50</dl><fl></fl><ik>0</ik><ir>0</ir><dv></dv><al.rd t="false"></al.rd><al.ed t="false"></al.ed><cw>100</cw><cm>Label</cm><cms /><hd>0</hd><st>0</st><ca>left</ca></field><field e="SelfMoney" c=""><ft></ft><dl>50</dl><fl></fl><ik>0</ik><ir>0</ir><dv></dv><al.rd t="false"></al.rd><al.ed t="false"></al.ed><cw>100</cw><cm>Label</cm><cms /><hd>0</hd><st>0</st><ca>left</ca></field><field e="PrjBalance" c=""><ft></ft><dl>50</dl><fl></fl><ik>0</ik><ir>0</ir><dv></dv><al.rd t="false"></al.rd><al.ed t="false"></al.ed><cw>100</cw><cm>Label</cm><cms /><hd>0</hd><st>0</st><ca>left</ca></field></fields></ds><ds id="ds2"><inscmd>insert into TP_Prj_Registration_Prices(rowid,Ordidx,AppDate,Purpose,CurMoney,Memo,Balance) values(@rowid,@Ordidx,@AppDate,@Purpose,@CurMoney,@Memo,@Balance)</inscmd><uptcmd>update TP_Prj_Registration_Prices set rowid=@rowid,Ordidx=@Ordidx,AppDate=@AppDate,Purpose=@Purpose,CurMoney=@CurMoney,Memo=@Memo,Balance=@Balance where 无主键字段</uptcmd><delcmd>delete from TP_Prj_Registration_Prices where 无主键字段</delcmd><from>TP_Prj_Registration_Prices</from><where>PrjID = %qt;Req(%dqt;prjid%dqt;)%qt;</where><fields><field e="rowid" c=""><ft></ft><dl>50</dl><fl></fl><ik>0</ik><ir>0</ir><dv></dv><al.rd t="false"></al.rd><al.ed t="false"></al.ed><cw>100</cw><cm>Label</cm><cms /><hd>1</hd><st>0</st><ca>left</ca></field><field e="Ordidx" c="序号"><ft></ft><dl>50</dl><fl></fl><ik>0</ik><ir>0</ir><dv></dv><al.rd t="false"></al.rd><al.ed t="false"></al.ed><cw>40</cw><cm>Label</cm><cms /><hd>0</hd><st>0</st><ca>center</ca></field><field e="AppDate" c="日期"><ft></ft><dl>50</dl><fl></fl><ik>0</ik><ir>0</ir><dv></dv><al.rd t="false"></al.rd><al.ed t="false"></al.ed><cw>50</cw><cm>Label</cm><cms /><hd>0</hd><st>0</st><ca>center</ca></field><field e="Purpose" c="用途"><ft></ft><dl>50</dl><fl></fl><ik>0</ik><ir>0</ir><dv></dv><al.rd t="false"></al.rd><al.ed t="false"></al.ed><cw>100</cw><cm>TextBox</cm><cms /><hd>0</hd><st>0</st><ca>left</ca></field><field e="CurMoney" c="金额（元）"><ft></ft><dl>50</dl><fl></fl><ik>0</ik><ir>0</ir><dv></dv><al.rd t="false"></al.rd><al.ed t="false"></al.ed><cw>60</cw><cm>TextBox</cm><cms /><hd>0</hd><st>0</st><ca>center</ca></field><field e="Memo" c="备注"><ft></ft><dl>50</dl><fl></fl><ik>0</ik><ir>0</ir><dv></dv><al.rd t="false"></al.rd><al.ed t="false"></al.ed><cw>100</cw><cm>TextBox</cm><cms /><hd>0</hd><st>0</st><ca>left</ca></field><field e="Balance" c="剩余金额（元）"><ft></ft><dl>50</dl><fl></fl><ik>0</ik><ir>0</ir><dv></dv><al.rd t="false"></al.rd><al.ed t="false"></al.ed><cw>80</cw><cm>Label</cm><cms /><hd>0</hd><st>0</st><ca>center</ca></field></fields></ds></page.ds>