﻿<?xml version="1.0" encoding="utf-8" ?><page.ds><ds id="ds"><inscmd>insert into (rowid,PrjCode,PrjName,PrjUser,AppDep,AppDate,PrjStartDate,PrjEndDate,prjstate) values(@rowid,@PrjCode,@PrjName,@PrjUser,@AppDep,@AppDate,@PrjStartDate,@PrjEndDate,@prjstate)</inscmd><uptcmd>update  set rowid=@rowid,PrjCode=@PrjCode,PrjName=@PrjName,PrjUser=@PrjUser,AppDep=@AppDep,AppDate=@AppDate,PrjStartDate=@PrjStartDate,PrjEndDate=@PrjEndDate,prjstate=@prjstate where 无主键字段</uptcmd><delcmd>delete from  where 无主键字段</delcmd><from></from><where></where><fields><field e="rowid" c=""><ft></ft><dl>50</dl><fl></fl><ik>0</ik><ir>0</ir><dv></dv><al.rd t="false"></al.rd><al.ed t="false"></al.ed><cw>100</cw><cm>Label</cm><cms /><hd>1</hd><st>0</st><ca>left</ca></field><field e="PrjCode" c="项目编号"><ft></ft><dl>50</dl><fl></fl><ik>0</ik><ir>0</ir><dv></dv><al.rd t="false"></al.rd><al.ed t="false"></al.ed><cw>60</cw><cm>Label</cm><cms /><hd>0</hd><st>0</st><ca>center</ca></field><field e="PrjName" c="项目名称"><ft></ft><dl>50</dl><fl></fl><ik>0</ik><ir>0</ir><dv></dv><al.rd t="false"></al.rd><al.ed t="false"></al.ed><cw>100</cw><cm>Label</cm><cms /><hd>0</hd><st>0</st><ca>left</ca></field><field e="PrjUser" c="项目负责人"><ft></ft><dl>50</dl><fl></fl><ik>0</ik><ir>0</ir><dv></dv><al.rd t="false"></al.rd><al.ed t="false"></al.ed><cw>50</cw><cm>Label</cm><cms /><hd>0</hd><st>0</st><ca>center</ca></field><field e="AppDep" c="申请部门"><ft></ft><dl>50</dl><fl></fl><ik>0</ik><ir>0</ir><dv></dv><al.rd t="false"></al.rd><al.ed t="false"></al.ed><cw>60</cw><cm>Label</cm><cms /><hd>0</hd><st>0</st><ca>center</ca></field><field e="AppDate" c="申请日期"><ft></ft><dl>50</dl><fl></fl><ik>0</ik><ir>0</ir><dv></dv><al.rd t="false"></al.rd><al.ed t="false"></al.ed><cw>50</cw><cm>Label</cm><cms /><hd>0</hd><st>0</st><ca>center</ca></field><field e="PrjStartDate" c="开始日期"><ft></ft><dl>50</dl><fl></fl><ik>0</ik><ir>0</ir><dv></dv><al.rd t="false"></al.rd><al.ed t="false"></al.ed><cw>50</cw><cm>Label</cm><cms /><hd>0</hd><st>0</st><ca>center</ca></field><field e="PrjEndDate" c="结束日期"><ft></ft><dl>50</dl><fl></fl><ik>0</ik><ir>0</ir><dv></dv><al.rd t="false"></al.rd><al.ed t="false"></al.ed><cw>50</cw><cm>Label</cm><cms /><hd>0</hd><st>0</st><ca>center</ca></field><field e="prjstate" c="项目状态"><ft></ft><dl>50</dl><fl></fl><ik>0</ik><ir>0</ir><dv></dv><al.rd t="false"></al.rd><al.ed t="false"></al.ed><cw>40</cw><cm>Label</cm><cms /><hd>0</hd><st>0</st><ca>center</ca></field></fields></ds></page.ds>