﻿<?xml version="1.0" encoding="utf-8" ?><page.ds><ds id="ds"><inscmd>insert into PUB_Warring_Setting(rowid,WarningStep) values(@rowid,@WarningStep)</inscmd><uptcmd>update PUB_Warring_Setting set rowid=@rowid,WarningStep=@WarningStep where rowid=@old_rowid</uptcmd><delcmd>delete from PUB_Warring_Setting where rowid=@old_rowid</delcmd><from>PUB_Warring_Setting</from><where></where><fields><field e="rowid" c=""><ft></ft><dl>50</dl><fl></fl><ik>1</ik><ir>0</ir><dv></dv><al.rd t="false"></al.rd><al.ed t="false"></al.ed><cw>100</cw><cm>Label</cm><cms /><hd>0</hd><st>0</st><ca>left</ca></field><field e="WarningStep" c=""><ft></ft><dl>50</dl><fl></fl><ik>0</ik><ir>0</ir><dv></dv><al.rd t="false"></al.rd><al.ed t="false"></al.ed><cw>100</cw><cm>Label</cm><cms /><hd>0</hd><st>0</st><ca>left</ca></field></fields></ds></page.ds>