﻿<?xml version="1.0" encoding="utf-8" ?><page.ds><ds id="dsRole"><inscmd>insert into BASE_RoleInfo(rowid,rolename,memo,roleflag) values(@rowid,@rolename,@memo,@roleflag)</inscmd><uptcmd>update BASE_RoleInfo set rowid=@rowid,rolename=@rolename,memo=@memo,roleflag=@roleflag where 无主键字段</uptcmd><delcmd>delete from BASE_RoleInfo where 无主键字段</delcmd><from>BASE_RoleInfo</from><where>prowid=%qt;R109%qt;</where><fields><field e="rowid" c=""><ft></ft><dl>50</dl><fl></fl><ik>0</ik><ir>0</ir><dv></dv><al.rd t="false"></al.rd><al.ed t="false"></al.ed><cw>100</cw><cm>Label</cm><cms /><hd>1</hd><st>0</st><ca>left</ca></field><field e="rolename" c="角色名称"><ft></ft><dl>50</dl><fl></fl><ik>0</ik><ir>0</ir><dv></dv><al.rd t="false"></al.rd><al.ed t="false"></al.ed><cw>100</cw><cm>Label</cm><cms /><hd>0</hd><st>0</st><ca>left</ca></field><field e="memo" c="备注"><ft></ft><dl>50</dl><fl></fl><ik>0</ik><ir>0</ir><dv></dv><al.rd t="false"></al.rd><al.ed t="false"></al.ed><cw>100</cw><cm>Label</cm><cms /><hd>0</hd><st>0</st><ca>left</ca></field><field e="roleflag" c="关联档案"><ft></ft><dl>50</dl><fl></fl><ik>0</ik><ir>0</ir><dv></dv><al.rd t="false"></al.rd><al.ed t="false"></al.ed><cw>100</cw><cm>Label</cm><cms /><hd>1</hd><st>0</st><ca>left</ca></field></fields></ds><ds id="dsUser"><inscmd>insert into (userid,roleid,username) values(@userid,@roleid,@username)</inscmd><uptcmd>update  set userid=@userid,roleid=@roleid,username=@username where 无主键字段</uptcmd><delcmd>delete from  where 无主键字段</delcmd><from></from><where></where><fields><field e="userid" c=""><ft></ft><dl>50</dl><fl></fl><ik>0</ik><ir>0</ir><dv></dv><al.rd t="false"></al.rd><al.ed t="false"></al.ed><cw>100</cw><cm>Label</cm><cms /><hd>1</hd><st>0</st><ca>left</ca></field><field e="roleid" c="角色ID"><ft></ft><dl>50</dl><fl></fl><ik>0</ik><ir>0</ir><dv></dv><al.rd t="false"></al.rd><al.ed t="false"></al.ed><cw>100</cw><cm>Label</cm><cms /><hd>0</hd><st>0</st><ca>left</ca></field><field e="username" c="姓名"><ft></ft><dl>50</dl><fl></fl><ik>0</ik><ir>0</ir><dv></dv><al.rd t="false"></al.rd><al.ed t="false"></al.ed><cw>100</cw><cm>Label</cm><cms /><hd>0</hd><st>0</st><ca>left</ca></field></fields></ds></page.ds>