﻿<?xml version="1.0" encoding="utf-8" ?><page.ds><ds id="ds"><inscmd>insert into (rowid,pubid,appdate,isono,appdep,appuser,prjname,blackprintcost,colorprintcost,whitecost,colorcost,bindcost,designcost,othercost,totalcost,accountmonth) values(@rowid,@pubid,@appdate,@isono,@appdep,@appuser,@prjname,@blackprintcost,@colorprintcost,@whitecost,@colorcost,@bindcost,@designcost,@othercost,@totalcost,@accountmonth)</inscmd><uptcmd>update  set rowid=@rowid,pubid=@pubid,appdate=@appdate,isono=@isono,appdep=@appdep,appuser=@appuser,prjname=@prjname,blackprintcost=@blackprintcost,colorprintcost=@colorprintcost,whitecost=@whitecost,colorcost=@colorcost,bindcost=@bindcost,designcost=@designcost,othercost=@othercost,totalcost=@totalcost,accountmonth=@accountmonth where rowid=@old_rowid</uptcmd><delcmd>delete from  where rowid=@old_rowid</delcmd><from></from><where></where><fields><field e="rowid" c=""><ft></ft><dl>50</dl><fl></fl><ik>1</ik><ir>0</ir><dv></dv><al.rd t="false"></al.rd><al.ed t="false"></al.ed><cw>100</cw><cm>Label</cm><cms /><hd>1</hd><st>0</st><ca>left</ca></field><field e="pubid" c=""><ft></ft><dl>50</dl><fl></fl><ik>0</ik><ir>0</ir><dv></dv><al.rd t="false"></al.rd><al.ed t="false"></al.ed><cw>100</cw><cm>Label</cm><cms /><hd>1</hd><st>0</st><ca>left</ca></field><field e="appdate" c="日期"><ft></ft><dl>50</dl><fl></fl><ik>0</ik><ir>0</ir><dv></dv><al.rd t="false"></al.rd><al.ed t="false"></al.ed><cw>100</cw><cm>Label</cm><cms /><hd>0</hd><st>0</st><ca>center</ca></field><field e="isono" c="单号"><ft></ft><dl>50</dl><fl></fl><ik>0</ik><ir>0</ir><dv></dv><al.rd t="false"></al.rd><al.ed t="false"></al.ed><cw>130</cw><cm>Label</cm><cms /><hd>0</hd><st>0</st><ca>center</ca></field><field e="appdep" c="部门"><ft></ft><dl>50</dl><fl></fl><ik>0</ik><ir>0</ir><dv></dv><al.rd t="false"></al.rd><al.ed t="false"></al.ed><cw>100</cw><cm>Label</cm><cms /><hd>0</hd><st>0</st><ca>left</ca></field><field e="appuser" c="申请人"><ft></ft><dl>50</dl><fl></fl><ik>0</ik><ir>0</ir><dv></dv><al.rd t="false"></al.rd><al.ed t="false"></al.ed><cw>100</cw><cm>Label</cm><cms /><hd>0</hd><st>0</st><ca>center</ca></field><field e="prjname" c="项目名称"><ft></ft><dl>50</dl><fl></fl><ik>0</ik><ir>0</ir><dv></dv><al.rd t="false"></al.rd><al.ed t="false"></al.ed><cw>150</cw><cm>Label</cm><cms /><hd>0</hd><st>0</st><ca>left</ca></field><field e="blackprintcost" c="黑白打印"><ft></ft><dl>50</dl><fl></fl><ik>0</ik><ir>0</ir><dv></dv><al.rd t="false"></al.rd><al.ed t="false"></al.ed><cw>100</cw><cm>Label</cm><cms /><hd>0</hd><st>0</st><ca>center</ca></field><field e="colorprintcost" c="彩色打印"><ft></ft><dl>50</dl><fl></fl><ik>0</ik><ir>0</ir><dv></dv><al.rd t="false"></al.rd><al.ed t="false"></al.ed><cw>100</cw><cm>Label</cm><cms /><hd>0</hd><st>0</st><ca>center</ca></field><field e="whitecost" c="白图"><ft></ft><dl>50</dl><fl></fl><ik>0</ik><ir>0</ir><dv></dv><al.rd t="false"></al.rd><al.ed t="false"></al.ed><cw>100</cw><cm>Label</cm><cms /><hd>0</hd><st>0</st><ca>center</ca></field><field e="colorcost" c="彩图"><ft></ft><dl>50</dl><fl></fl><ik>0</ik><ir>0</ir><dv></dv><al.rd t="false"></al.rd><al.ed t="false"></al.ed><cw>100</cw><cm>Label</cm><cms /><hd>0</hd><st>0</st><ca>center</ca></field><field e="bindcost" c="装订"><ft></ft><dl>50</dl><fl></fl><ik>0</ik><ir>0</ir><dv></dv><al.rd t="false"></al.rd><al.ed t="false"></al.ed><cw>100</cw><cm>Label</cm><cms /><hd>0</hd><st>0</st><ca>center</ca></field><field e="designcost" c="设计制作"><ft></ft><dl>50</dl><fl></fl><ik>0</ik><ir>0</ir><dv></dv><al.rd t="false"></al.rd><al.ed t="false"></al.ed><cw>100</cw><cm>Label</cm><cms /><hd>0</hd><st>0</st><ca>center</ca></field><field e="othercost" c="杂件"><ft></ft><dl>50</dl><fl></fl><ik>0</ik><ir>0</ir><dv></dv><al.rd t="false"></al.rd><al.ed t="false"></al.ed><cw>100</cw><cm>Label</cm><cms /><hd>0</hd><st>0</st><ca>center</ca></field><field e="totalcost" c="合计"><ft></ft><dl>50</dl><fl></fl><ik>0</ik><ir>0</ir><dv></dv><al.rd t="false"></al.rd><al.ed t="false"></al.ed><cw>100</cw><cm>Label</cm><cms /><hd>0</hd><st>0</st><ca>center</ca></field><field e="accountmonth" c="记账月份"><ft></ft><dl>50</dl><fl></fl><ik>0</ik><ir>0</ir><dv></dv><al.rd t="false"></al.rd><al.ed t="false"></al.ed><cw>100</cw><cm>Label</cm><cms /><hd>0</hd><st>0</st><ca>center</ca></field></fields></ds></page.ds>